에어,12
프라이어,7
군밤,226
만들기,7
겨울,24
이면,3
군,24
고구마,32
계절,3
요,6
올해,6
유독,1
눈,8
내,10
리지,1
않다,14
그,25
수요,1
높다,2
것,24
같다,22
장수,15
딱하다,1
보지,1
안녕하다,39
기,5
똥,1
차다,7
자다,9
쓰다,9
저,17
안성맞춤,1
메뉴인,1
간식,15
중,10
하나,10
꼽자,1
이,29
밤,45
너무,17
좋아하다,7
ㅠㅠ,4
토마토,2
혈당,3
당뇨,3
조합,2
대해,4
간단하다,2
알아보다,2
낮추다,1
선,1
의견,1
많다,12
보다,39
굽다,34
ㅋㅋㅋ,20
배고프다,4
에프,2
돌리다,2
전,6
내사,1
오렌지,1
주스,1
이상하다,4
이번,38
박스,3
맛,6
없다,14
몽쉘,1
먹다,57
남다,2
감,2
튀다,1
기다리다,3
그러나,1
대다,2
예,6
용,2
♡,7
견생,1
두번째,1
미용,3
멜로디,1
펫,1
살롱,1
믿다,2
맡기다,1
전체,2
가위,1
컷,4
곰돌이,1
하다,126
구미,2
강아지,1
애견미용실,1
KoKo,1
사다,9
면,2
가장,6
먼저,2
싶다,6
바로바로,2
무,2
틀다,6
정말,8
세,5
상편,1
시대,1
살다,3
힘들다,4
맛있다,21
남자,15
모자,34
트루,1
퍼햇,1
이다,49
플랩,1
캡,1
WESC,1
따다,2
뜻갑,1
추다,6
겨울철,4
뽀송뽀송,1
북실북실,1
따뜻하다,7
털감,1
두피,1
물론,2
귀,4
덮다,1
감싸다,1
추천,2
오븐,4
약,6
단,6
지인,1
바깥,1
사먹다,10
그렇다,9
고요,1
더,15
한,15
표,1
따끈따끈하다,1
때,18
따끈따끈,1
판매,6
시작,2
들다,13
잠시,2
추억,8
떠올리다,1
ㅎ,4
귀엽다,7
생기다,4
기계,1
수증기,1
내뿜으,1
위즈,2
웰,2
디지털,2
GL,1
25,5
A,1
로,4
해보다,14
잘,4
끄다,2
후,5
5분,1
정도,5
준후,1
완성,1
아주,1
되어다,6
그만큼,1
자주,1
되다,68
바로,5
해,4
요즘,5
보기,1
예전,2
진짜,12
붕어빵,7
어제,2
오늘,10
100,1
원,5
왜,6
이르다,1
넣다,4
줍다,4
마트,4
구입,1
깔다,5
찌다,3
이렇게,4
양념,1
졸이다,1
식구,1
들,38
안,7
파시,1
할머니,3
춘천,1
시외버스,1
터미널,1
나오다,7
왼쪽,1
보시,3
옛,1
연탄,1
불로,1
저렇게,3
크다,10
팔다,7
달,1
주시,1
꼬맹이,1
어디서,1
사,42
달라,1
교환,1
권,3
사용,3
가능하다,3
이제,7
본격,2
적,12
자리,1
잡고,1
얼음,5
깨다,1
작업,1
뚫다,2
무지,1
3시,1
10분,1
모,4
차,5
타고,2
편안하다,1
집,14
온,5
심뽕,1
양,2
맞이,1
챙기다,2
쫑알,2
심,1
자매,1
수다,1
놀이,5
앞,8
직접,3
수,21
있다,66
현,39
금주,1
옆,3
다른,1
분,6
입장권,1
붙다,1
종이,2
시더,1
ㅋㅋ,6
그래서,4
다시,4
그리고,8
난,2
게,4
역,2
근처,2
마치,2
동대구역,1
가면,1
나,8
냄새,2
슬슬,2
나다,6
찾아다니다,1
판다,2
여기,4
어묵,2
등,15
먹거리,3
야외,1
뜨끈하다,1
먹어주다,1
배,1
주머니,1
꼭,3
2,15
3천원,3
씩은,1
다니다,4
킬로,1
당,1
2천원,1
오르다,1
너,2
인기,2
따끈하다,4
달콤하다,3
고소하다,3
1월,2
의,3
마지막,3
날,10
시간,9
가다,16
2월,4
엔,1
재밌다,1
일이,2
계획,3
기대,1
근데,4
별로,4
마음,4
아니다,17
그냥,5
제,7
오래,2
구,9
운,5
탓,1
취향,1
로서,1
수분,1
둘째,2
잔,3
호두,1
볶다,1
아몬드,1
박하,1
연,1
필심,1
나무,1
브,1
리딩,1
초콜릿,1
향,4
추가,2
셋째,1
서늘하다,1
생생하다,1
생기,2
넘치다,1
과실,1
신선하다,2
불판,1
위,4
익다,2
버섯,3
소리,1
함께,5
말,5
아깝다,2
커다랗다,1
이미,1
동그랑땡,1
잘라지다,1
어떻다,6
화롯불,1
보,1
아트,1
티,4
이처,1
#쉬운왕관접기,1
#왕관접기,1
#필통접기,1
#연필접기,2
#모자접기,1
#방패접기,1
#칼접기,1
#연필꽂이접기,1
#군밤모자접기,1
#튤립접기,1
#한복접기,1
13:00,1
16:00,1
5일,3
간,2
장소,1
남원,3
촌,3
일원,4
남원시,1
광,1
북로,1
20,3
체험,15
주변,1
관광지,1
마이산,1
홍삼,1
스파,1
산,4
약초,1
타운,1
공주시,1
축제,4
곳,8
ㅇ,1
답니,1
아,3
빨리,1
알다,5
미리,3
매입,1
길,4
보따리,1
사가다,1
오다,16
거,6
아쉽다,3
그것,1
동양,1
문화,2
서양,1
걷다,3
Barceloneta,1
바르셀로네타,1
지하철역,1
버리다,1
베트남,1
현지,1
분위기,2
살펴보다,1
지난,2
2002년,2
한일,1
월드컵,1
4,6
강,1
진출,1
버금,1
갈다,12
뜨겁다,2
열기,2
가득,3
우리나라,3
세계,1
축구,1
깜짝,1
놀라다,1
부침개,1
막걸리,3
무료,5
준,3
병,3
드리다,5
농사,1
더욱,3
믿음,1
가지,2
설명,1
절,1
유기농,1
응원,1
감사,1
https,1
m,1
남편,5
칼집,6
줌,1
원래,1
광파,1
만,5
들어주다,1
200,1
도,7
25분,1
정확하다,1
못,6
물어보다,1
ㅜ,1
딸,2
1/29,1
화장,1
또,12
닦다,2
신나다,3
혼자,2
뭐,5
장수도,1
운동,5
쓸리다,1
부끄럽다,1
한번,7
쓸다,4
생각,7
카드,3
값,1
주다,11
체리,1
지출,1
#위례맛집,1
워낙,2
튼튼하다,1
입맛,2
지다,3
모르다,2
동면,1
들어가다,5
곰,2
돌아서다,1
초입,1
정겹다,1
움,1
아름답다,1
정자,1
사이,1
곁,1
댕기,1
머리,1
처녀,1
tag,1
다음,4
블로그,3
한국,2
민속촌,2
외,2
줄타기,1
설,3
명절,1
이웃,2
님,4
세배,1
스포츠인,1
스키,1
보드,3
즐기다,1
위해,4
곤지암,2
리조트,2
스키장,2
관광객,1
모여들다,1
대한,2
관심,1
높아지다,1
인근,1
렌탈샵,1
좋다,16
#냄새,1
또한,1
#군침을,1
돌다,1
#옛,1
잠기다,1
#군밤과,1
#계란에,1
쌀밥,1
만들다,5
도전,1
#후기를,1
올리다,4
#기대해,1
줄다,1
☺,1
그래도,2
지리산,3
하동,1
여행,4
여행지,1
지난번,1
많이,11
수업,1
굳이,1
롯데,1
백화점,2
걸어가다,2
3000원,2
어치의,1
건,6
죽다,1
페레,1
파파,1
스프,4
"6,900원",2
한우,1
포,1
타,3
벨라,1
크리미,2
어니언,2
챠우더,2
"5,500원",2
바질,1
페스,2
토,13
"15,000원",1
6,3
홋카이도,1
대학,1
지키다,1
조,2
p,1
짧다,1
산책,1
커피타임,1
#바리스타트커피,1
사진,5
매우,1
핸섬,1
바리스타,1
라떼,3
내다,3
마카롱,2
빵,2
종류,2
대체,1
사실,2
칼로리,1
경우,4
소량,1
손,4
다크,1
역시,1
동생,1
반값,1
사서,6
댕김,1
일요일,1
알바,2
중간,4
치즈,1
베이글,1
최고,2
1일,3
1,8
팩,5
딱,2
중국,1
칭,1
구가,1
구석구석,1
대추,1
열대과일,1
다양하다,8
재미있다,2
식사,2
지식,1
한국인,1
맞추다,1
알맞다,1
저희,2
한인,1
싸다,1
파다,2
새우,1
비롯,1
각종,2
해산물,1
한자리,1
청과,1
물,2
코너,1
저렴하다,5
구정,1
앞두다,1
해도,1
스위스,1
⠀,2
자그레브,1
거의,3
갖추다,1
모습,2
크리스마스마켓,1
볼,5
내리다,1
표현,1
세심,1
함좀,1
15,3
쿠나,1
회,3
오리,2
감자,3
길거리,3
장사,4
심심,1
치,13
띄다,2
없이,2
공통,1
뭔가,2
그립다,1
증거,1
난로,1
불,2
때문,3
주인,1
어르신,1
밥,5
다행하다,1
건네다,1
후식,1
허브,1
향기,1
가게,2
가도,1
짱,2
하늘,1
맑다,1
완벽하다,1
보령,1
쵝오,1
불위,1
쟁반,1
뿐,6
신기하,1
쥬,2
앙,1
달달,1
부드럽다,2
개,4
씩,2
ㅋㄷㅋㄷ,1
다,13
놀리다,1
우울하다,1
청계천,1
트리,1
#아크앤북,1
넘다,7
스타일,1
열,3
ㅠ,2
맨날,2
옛날,2
땐,1
봤더랬,1
내부,1
예쁘다,4
파리,2
라파예트,1
루이비통,8
매장,1
줄이다,1
서다,2
대략,1
15~30분,1
옥수수,3
팔고,3
시,3
미트,1
존맛,2
사드,1
걸다,13
바클라바,1
구경,3
엄마,1
이스탄불,1
만난,1
방탄,1
가방,4
목,1
살이,1
백숙,1
준비,3
즐겁다,3
하루,5
마무리,1
조만간,1
빙어,7
낚시,2
나가다,2
아이,8
엄청,7
츄러스,2
아저씨,5
공짜,1
해주다,2
영업,1
당하다,1
친절하다,1
기분,3
병원,1
찰옥수수,1
돌아가다,2
사오다,2
꼬박꼬박,1
퇴원,1
부모님,1
보내다,3
지에스,1
대충,2
끼니,1
과자,4
출출하다,1
츄앤,1
리얼,1
그저,1
야하다,2
재,2
나르다,4
패딩,3
구멍,1
날다,1
조마조마하다,1
얼굴,3
타다,4
줄,3
어따,1
오빠,1
떨이,1
런가,1
내일,2
걸루,1
에잇,1
곧,2
이래저래,1
조심하다,3
해넘이,2
석양,1
청동,1
쉬임,1
먹이,1
활동,1
오전,3
아버지,3
점심식사,2
오후,2
밖,1
겟,1
봉지,4
5천원,3
실하다,1
입,37
가득가득,1
보들보들,1
아기,2
시댁,1
운영,3
참고,2
민속놀이,1
가래떡,4
달고나,4
여러,1
이벤트,5
홈페이지,2
도움,4
대구,3
모자라다,1
써다,4
갖다,2
헤어스타일,1
망가지다,1
날씨,3
미니,2
스커트,2
고집,1
여성,3
분들,2
이해,2
완전,2
조리,1
반찬,1
국,1
뿌빳퐁,1
커리,1
홍초,3
김,3
앞치마,1
머그컵,1
우유,1
딸기,2
곁들이다,1
PT,1
를,1
통해,5
중요성,1
되새기다,1
조금,2
서투르다,1
근력,1
자세,2
요령,3
익히다,5
재산,1
얻다,1
건강,3
먹을랭,1
#고구마에그슬럿,1
#다이어트,1
#레시피,1
요리,1
카테고리,1
신설,1
파스타,1
아직,2
부족하다,1
한참,1
멀다,1
에그,1
슬럿,1
뭐라다,1
아무,1
거나,1
대신,1
그거,1
껍질,2
생밤,1
까먹다,2
조심,3
걍,1
숙소,2
전자렌지,1
대박,1
포스팅,1
방문,2
가보다,3
숲,2
레저,1
시설,1
튀김,1
비,13
우리,4
애,2
썰매,2
순식간,1
돈,3
거기,2
오뎅,3
라면,3
커피,5
여,2
성암,1
28%,1
인,2
3만,1
4255,1
명,5
갑상선암,2
흥부,1
투,1
받다,8
추산,1
코트,1
자연,1
최근,1
과잉,2
진단,1
수술,3
여부,3
김치찌개,1
반,9
카레,1
먹기,4
실패하다,2
참치,2
캔,2
일주일,1
없애다,1
목표,2
백설기,1
필요,1
일,2
야야,2
유리하다,1
조건,1
필요하다,4
담보,2
위주,1
약수터,1
주근깨,1
구성,1
하,15
고자,1
의료,10
실비,6
보험,37
비교,14
사이트,8
빙,3
인내,1
천,2
용하다,1
노을,1
..,4
.#공주밤막걸리,1
알밤,2
0.04%,1
서운하다,1
달래다,1
굽,1
지역,1
울주군,1
명품,5
#태화루막걸리,1
두,4
노량진,1
고시생,1
동치미,1
질병,2
보험료,10
또는,1
실손,1
가입,11
작,3
국민,2
급여,2
적용,1
관계없이,1
백두산,1
꼬꼬,1
밍,1
기관,1
지불,1
젖다,1
대,4
근교,1
행사,1
진행중,2
랍니,1
종일,1
놀다,7
다이소,2
오천원,1
간지,1
쿄쿄,1
1년,3
에,2
번만,1
만나다,6
친구,3
성현,1
술집,1
잔나,1
민영,1
메다,2
모든,2
손해,2
보험사,2
프,2
군대,2
생명,1
나이,3
성별,1
연초록,2
직업,1
따르다,2
계산,2
제공,1
5,1
충주,2
장,6
위치,2
동,3
농협,1
경,2
사업,2
하천,1
기간,2
10일,1
10시,1
.#다이어트,1
#식단일기,1
카페,5
근무,1
12시간,1
식단,1
아침,3
새다,2
리,1
갈릭,1
소스,1
점심,1
곶감,1
크림,1
초코,1
프라,6
페,4
저녁,5
갈비,1
김치,1
야식,1
젤리,2
90분,1
정차,1
눈꽃,1
기차,1
열차,1
오랜,4
머무르다,1
기도,3
역다,1
산타,1
여행객,1
문의,1
생각나다,1
#비스카에어프라이어에,1
해먹,3
어,1
구울,1
아시,1
선물,2
덕분,1
그저께,1
이기,3
80,1
퍼센트,1
세우다,1
그걸,1
습관,1
들이다,1
국물,1
ㅎㅎ,8
안나,1
네,2
써비,1
메뉴,3
사람,7
좀,2
조기,1
찍다,3
아쉬움,1
인스타,1
감성,2
포토,1
존,1
쌍촌,1
오월,1
문,2
어마,2
마,2
손가락,1
충격,1
깜찍하다,1
지금,3
한결같이,1
고맙다,1
ㅇㅂ,1
#홍대,1
#연남동뻥튀기,1
해봤다,1
꿀떡,1
사장,2
방방,1
점프,1
계속,6
뛰다,1
롯트하,1
종신,2
대비,2
두다,2
다이빙,1
블,1
보험금,1
지급,1
경제,1
소,6
림,1
어려움,2
덜다,1
드릴,37
딩동,1
다이렉트,8
꼬꼬밍제,1
어사,1
태아,4
LIG,1
밉다,2
죤,1
순위,3
활용,1
꼼꼼하다,2
따지다,1
내용,3
터,12
선천성,1
이상,1
관련,1
미숙아,1
저체중,1
태어나다,1
돌격,1
1시간,1
30분,2
따흐흑,1
ㅠㅠㅠ,3
출근,1
퉤,1
졸라,1
이제야,1
듣다,1
겸,2
싸,1
누가,1
어도,1
김유,1
작곡,1
정보,3
대입,1
견적,3
서비스,2
확인,8
메이트,1
다방면,1
체크,1
더머,1
므흘,1
어린이,3
순,2
보장,11
형,4
조회,1
어리다,2
터지다,1
삶다,3
내야,1
후추,1
반갑다,1
맞다,3
녀석,1
요염,1
반하다,1
꼬깜,1
학교,1
ㅋ,5
팔,5
토시,1
체인,3
m.blog.naver.com,1
드디어,1
신발,14
낡다,1
운동화,1
2년,1
동안,3
신다,1
블랙,1
장만,1
만해,1
놓다,2
더러,1
첫,5
눈물,1
웃다,2
눈길,1
사랑,1
늘다,5
달다,1
온라인,2
가나다,1
어느,1
붙이다,1
차안,1
ㅡ,1
2019,1
공주,2
그날,1
반석동,1
맛집,2
최고봉,1
낙지,1
볶음,2
파전,1
피즈,1
도라지,1
자신,1
적합하다,1
특약,5
무엇,2
사전,1
혈,3
도너츠,1
현명하다,1
신중하다,1
바라다,2
북한,1
보배,1
자동차,12
한창,1
빠지다,3
찌,1
악사,1
유닉,1
이유,1
운전,2
파이어,1
떼,1
진료,1
진,1
단비,1
입원,3
통원,1
치료,3
제비,1
나래,1
응급실,1
키,3
키라,1
고액,1
팩앤,1
세이브,1
껀데,1
버,1
9시,1
반부터,1
쉬는시간,1
점심시간,1
먹음,1
튜,1
꽃동산,1
선포,1
항상,2
갱신,2
마다,1
속돌,1
흑,1
빛더,1
상품,80
명사,1
나은,1
상하이,1
럭상세,1
겁니다,1
세로,1
중고차,1
잎,1
바로가기,4
런처,1
츄츄,1
동부,1
화재,1
자,2
꽃다발,1
뚜쉬,1
슈,1
개념,1
소개,39
해드리다,2
발생,1
꿀꿀,1
지원,1
항목,2
일로,1
전자,1
적다,1
환자,1
책임지다,1
스내치,1
고무줄,1
비다,2
올라가다,1
투데이,1
대표,2
종종,1
호박꽃,1
유황,1
상해,2
및,2
첫날,1
주말,1
쌓다,1
가족,2
끼리,3
춥다,3
남,3
해상,1
암,4
용맹,1
펴다,4
한눈,1
르윈,1
케이,1
에듀,1
카,1
괜찮다,1
멘사,1
큰일,2
질뿡,1
해이,1
자동차보험입니다,1
철,1
치아,4
문제,2
말다,1
춤,1
음식,1
씹다,1
고통,1
댕,1
칰,1
촉대,1
부분,2
뒤늦다,1
치과,2
찾아가다,1
침엽수,1
기획,1
힙합,3
비싸다,2
앗,1
얼마나,1
기품,1
차라리,1
백혈구,1
맥주,1
프링글스,1
환상,1
이양,1
록스,1
언니,4
언덕,1
내려오다,1
귀금속,1
거리,3
증말,1
화려하다,1
피렌체,1
소가,1
예술,1
앞서,1
궁금하다,2
점,2
신,37
더셀,1
전문가,2
일대일,1
상담,3
검링,1
빙고,1
TMI,1
가체,1
원두,1
용한,1
떡,2
주관,1
백업,1
가격,1
씨실,1
단순하다,1
보이,1
페어,1
글로리,2
범위,1
구조,1
은유,1
꾼,2
템프,1
부작용,1
걱정,2
안정,1
성과,1
20분,1
주,4
빠르다,1
강력하다,1
효과,2
이용,1
계시,1
5년,1
연속,1
고객,1
만족,1
달성,1
안개,1
산삼,1
파닭,1
선비,1
함,1
고,2
벌써,1
소문,1
자자하다,1
세찬,1
빠뜨리다,1
쌍둥이,1
마리,1
나란하다,1
눕다,1
따로,1
얌전하다,1
감다,1
지경,1
지영,1
돌,1
태운,1
잔불,1
쫒다,1
겨,1
정리정돈,1
조용하다,1
동네,1
지나가다,1
업무,1
자라다,1
시골,2
뒤꼍,1
밤나무,1
감나무,1
겉껍질,1
벗기다,1
죽,1
쑤다,1
장작,1
구어,1
#연자육,1
처음,3
눈썰매,1
봅슬레이,1
조롱박,2
공예,2
놀,2
17일,1
까지,1
열리다,1
임신,1
학정,1
마을,2
전북,1
임실군,1
킹,1
설계,2
수수료,2
부대,1
비용,1
기본,2
하니,2
안내,1
효율,1
적임,1
잡기,1
포차,1
푸드,1
트럭,1
떡볶이,1
꼬치,1
솜사탕,1
열심히,2
잡다,1
행복하다,3
사주다,1
상미,1
커플,2
뽀글이,1
사면,1
담다,3
짜다,1
여기다,1
비닐,1
포장,4
깔끔하다,1
안해,1
이렇다,3
씌우다,1
시베리아,1
듯,1
자꾸,1
반대,1
쫓아가다,1
징징,2
징,1
태우다,1
엄호,1
중인,1
듬직하다,1
50,3
센치,1
fit,1
추어,1
핫팩,1
눙무,1
제일,1
크리스마스,3
닫다,1
부러,1
일단,2
이브,1
백,27
옴,1
은혜,2
컨셉,1
존나,1
시키다,38
창피하다,1
루이보스,1
꽃차,1
₩,1
"6,000",1
주전자,1
이쁘다,1
색도,1
짱짱,1
성,2
자극,1
새해,1
코스트코,1
부스,1
새롭다,1
여러가지,2
방법,3
도로,3
계시다,4
인데,1
잔뜩,1
고생,1
학생,4
요금,1
왕복,1
32유로,1
치다,4
아마,1
스페인,1
포르투갈,1
볼때,1
퇴근,3
토리,1
씻기다,1
정신,2
뜸,1
꾸다,2
쏭,1
2018,1
10,1
03,1
수요일,1
번,1
쉬다,3
조각,1
낙시,1
www.welchon.com,1
#충남,1
#청양,1
#알프스마을,1
#얼음분수축제,1
#얼음썰매,1
#눈썰매,1
#군밤,2
바다,1
앞쪽,1
번데기,1
ㅜㅜㅜ,1
ㅜㅜ,2
햇빛,1
곤,1
히,1
낮잠,1
청,1
사막여우,1
닮다,1
강쥐,1
영재,1
유겸,1
염색,1
고베,1
콘,1
본가,1
덩어리,1
자기,1
모이다,1
낼,1
십년,2
강산,1
변하다,1
청년,1
해당,1
글,1
겹,1
보이다,2
구보,1
생률,1
관,3
모두,5
싫어하다,1
잠,1
꿈,2
메인,1
특별하다,1
꿀밤,1
베이스,1
진하다,1
에스프레소,1
커피한잔,1
나누다,1
#세종점집,1
일자,1
철학,1
사례,1
산건,1
둘,1
한가득,1
리포,1
페이스,1
AS,1
소녀,1
느낌,2
ㅎㅎㅎ,1
오클리,1
스탠드,1
데이트,1
성수동,1
서로,1
장난,1
각자,1
장갑,2
착하다,1
렌트,1
샵,1
코스,1
목소리,1
들리다,1
실감,1
보일러,1
견디다,1
늦,1
헬로,1
마켓,1
연락,1
부탁드리다,1
물건,1
가기,2
털,1
방한,3
셑트,1
30000원,1
털모자,1
25000원,2
방수,1
배송,1
알,2
◇,1
4시,1
아이스크림,1
싱글,1
컵,1
괜히,1
일찍,1
발동,1
걸리다,1
기다,4
연휴,3
쨉쪼롬,1
쇼핑,1
버젼,1
사보다,1
샌드맨,1
젤로,1
원피스,1
xs,1
사이즈,39
엑스,2
라지,1
궁,1
스몰,1
외쿡,1
다리,1
놨어,1
싯,1
밤좀,1
아빠,1
본색,1
"5,000",1
상자,1
군산,1
식당,2
신기하다,1
꿀맛,1
치즈케이크,1
메리,2
공,1
옥,1
숙박시설,1
중점,1
충청,1
감영,1
전통,3
공간,1
그나저나,1
땜,1
살찌다,1
채,1
썰다,1
생선,1
구이,1
쏘다,1
악,1
유행,1
발견,1
딱이다,1
해피,1
퍼프,1
베이비,1
멈멈,1
어보,1
낱개,1
서면,1
제모,2
여름,1
오,2
기전,1
앤,3
매일,37
셀프,1
너무도,1
귀찮다,2
뷰티,1
디바이스,1
잘나오다,1
막상,1
준열,1
영화,1
개봉,1
축,1
구름,2
씨유,1
미니스톱,1
공명,1
엽,1
ㅜㅡㅜ,1
울,1
뽀,1
시래기,1
계란빵,1
호떡,2
선호,1
유래,1
19,3
세기,1
만들어지다,1
누구,1
관리,1
고민,1
트러블,1
색소,1
질환,1
이신,1
데,1
낮다,1
내신,1
등급,1
검정고시,1
시험,1
기회,1
작용,1
폭,5
넓어지다,1
떠오르다,1
입시,1
전략,1
2019년,1
은,1
스스로,1
개발,1
힘,1
막연하다,1
다짐,1
발전,1
구체,1
배우다,1
보고,1
휘트니,1
스,2
금요일,1
오늘이,1
휴일,1
힝,1
주로,1
꼬들꼬들,1
전과,1
크게,1
다르다,2
맛나,1
#에어프라이어,1
불다,1
쟤,1
위로,3
잣나무,1
컷을텐데,1
20년,1
호두과자,2
뚜껑,1
여니,1
소비전력,1
600,1
w,3
차이,1
보토,1
1200,1
이마트,1
트,1
레이더스,1
18800,1
구매,1
#보토,1
라이어,1
중지,1
금은,1
안목,1
해변,1
냉기,1
전날,1
채다,1
다비,1
탱,1
구리,1
아날로그,1
적당하다,1
하자,1
자선,1
새벽,1
배사,1
바꾸다,1
파일,1
탐색기,1
주소,1
란,1
경로,2
입력,1
폴더,2
pc,2
이름,1
나타내다,1
예컨대,1
상대방,1
12월,2
추위,1
추워지다,1
할아버지,1
어렵다,1
따스하다,1
자동,1
차보,1
혐료,1
부장,1
부화,1
포아,1
멜라닌,1
롱패딩,1
삼다,1
남매,1
손녹,1
잇다,1
뜨다,2
갈대,1
밭,1
거울,2
샷,1
미동,1
군락,1
지로,1
넘어가다,1
똑같다,1
남친,1
데려오다,1
30일,1
연말,1
남자친구,1
태안,1
행,1
필수,1
뷰,1
못햇,1
급하다,1
닭윙,1
개꾸르맛탱,1
with,1
맥쥬,1
색깔,1
저렇다,1
노랑,1
빨강,1
맹폭,1
생수,1
통,1
오프라인,1
롬,1
인터넷,1
꽃,1
족,1
샤이니,1
물다,1
벌,1
작가,1
mg,1
따라서,1
언급,1
이후,1
경제력,1
슨,1
아줌마,1
아래,1
훑다,1
나쁘다,1
들어오다,1
분명하다,1
설정,2
계약,2
초과,1
정,1
60,1
CI,3
등등,1
비슷하다,1
채우다,1
가요,3
뒤,1
사망,1
금,1
결혼,1
하이힐,1
아우,11
펜디,15
쇼퍼,11
리버,12
맥,10
로우,10
토즈,10
스크린골프,10
타미힐피거,1
스톤아일랜드,2
점퍼,4
토부,1
비비안,1
웨스트우드,1
남성,3
스니커즈,9
광저우,36
지,36
삼촌,36
SHG,36
구찌,9
메신저백,1
27,1
x,26
29,1
업로드,36
네이버,36
벤드,36
가죽,1
시계,4
꽈배기,1
터틀넥,1
ost,1
라쿤,1
상,1
꼼데가르숑,1
티셔츠,5
S,7
XL,10
M,4
링크,10
프라다,1
트레이닝복,1
골든,1
35~43,1
버버리,3
트레이닝,2
바지,1
후드,4
집업,2
디노,1
크롬,1
하츠,1
반지,1
슬링,2
미소,1
즈,1
발렌시아,3
힙색,1
37,1
8.5,1
17,2
제트,1
숄더백,3
9,2
샤넬,3
30,1
40,2
오버,2
28,2
11,1
배색,1
림보,1
버핏,1
니트,7
몽클레어,3
35~39,2
컨,1
14,1
에르메스,2
벨트,5
3.8,1
리프,1
귀걸이,3
손목시계,1
직장인,1
캐시미어,1
입생로랑,1
구두,3
루이까또즈,1
크로스,3
여자,2
롱,1
부츠,1
파타고니아,1
맨,2
투맨,2
코치,1
동전지갑,1
라가,2
머플러,1
쿠론,1
에린,1
셀린느,1
21,1
32,1
7,1
10.5,1
양면,1
2.4,1
cm,3
트위스트,1
12.5,1
2.5,1
샌들,1
몽블랑,2
만년필,1
다니엘,1
웰링턴,1
지갑,4
청바지,1
언,1
발,1
팔라디움,1
드라마,1
블로퍼,1
디,1
스퀘어,1
드,1
자켓,1
클러치,1
키링,1
글리터,1
4.0,3
18,1
12,1
슬립,1
38~44,1
지방시,1
디올,2
삭스,1
슈즈,1
르띠,1
러브,1
팔찌,1
핑크,1
닥스,1
책가방,1
네오프렌,1
발렌티노,1
24,1
호보,1
34,1
톰,1
브라운,1
가디건,1
0,1
3,3
34~40,1
캐리어,2
35,2
키르,2
브론,2
첼시,2
폴라,2
찰스,2
키스,2
버킷,2
.#에어프라이어군밤,2
#에어프라이어밤,2
#에어프라이어군밤만들기,2
#에어프라이어군밤만드는법,2
#에어프라이어군밤만드는방법,2
내기,2
후회,2
올라오다,2
닭,2
혁,2
윤,2
굿앤굿,2
덴탈,2
플랜,2
조명,2
룡,2
염탐,2
개선문,2
광장,2
‘,4
돼지,8
제목,2
상설,2
프로그램,2
예정,2
트리플,1
까르띠,1
